1,ოუფენჰუბ მენეჯმენთ სერვისის  | 08.GE , თბილისი / (ვაკე) ნუცუბიძე შალვას ქ. -129ა ,406156449, დროებით მიუწვდომელია , chenmalka1219@gmail.com ,  ,  ," საბროკერო, საშუამავლო მომსახურება "," ჩენ მალკა, ნადავ გოვერი ", შ.პ.ს , ოუფენჰუბ მენეჯმენთ სერვისის ,  , https://www.08.ge/organizations/view/12336800
2,ოქროს კიდობანი  | 08.GE , თბილისი / (დიდუბე) ცაბაძე გიორგის ქ. -8ბ ,402009508,995322430702, oqroskidobani@gmail.com ,  , www.facebook.com/oqroskidobani ," სავაჭრო ცენტრი, საიუველირო ნივთებით ვაჭრობა, ფართის იჯარა ", მუხრანი ბაგრატიონი , შ.პ.ს , ოქროს კიდობანი ,995322430701, https://www.08.ge/organizations/view/12336788
3,ინ ვოგი  | 08.GE , თბილისი / (ჩუღურეთი) ჩხეიძე ნინოს ქ. -27 ,402029997,995574344422, invogue.tbilisi@gmail.com ,  , www.facebook.com/invoguetbilisi ," მანიკური, სილამაზის სალონი ", მარია ვოსკანიანი , შ.პ.ს , ინ ვოგი ,995322967571, https://www.08.ge/organizations/view/12336787
4,სამედიცინო დახმარების ხარისხის მართვისა და მონიტორინგის ცენტრი  | 08.GE , გორი /  ცხინვალის გზატ. -14ა ,417889360,995577935013, xarisxismartva2015@gmail.com ,  ,  , მონიტორინგი , ვლადიმერი კეპულაძე , შ.პ.ს , სამედიცინო დახმარების ხარისხის მართვისა და მონიტორინგის ცენტრი ,  , https://www.08.ge/organizations/view/12336784
5,ბოლნისის აზერბაიჯანული კულტურული ცენტრი  | 08.GE , ბოლნისი /  მუშევანი სოფელი ,425361538,995551192185, alixan.yahya.1951@mail.ru ,  ,  , კულტურის ცენტრი , ალიხან მამედოვი , ა.ა.ი.პ , ბოლნისის აზერბაიჯანული კულტურული ცენტრი ,  , https://www.08.ge/organizations/view/12336781
6,ნიკე სტუდიო  | 08.GE , თბილისი / (საბურთალო) ვაჟა ფშაველას გამზ. -26 ბ.107 ,205261170,995322390664, rchkonia@gmail.com ,  ,  , კინოსტუდია , რუსუდან ჭყონია , შ.პ.ს , ნიკე სტუდიო ,  , https://www.08.ge/organizations/view/12336771
7,ლორდი  | 08.GE , თბილისი / (ისანი) მეველის ქ. -21 ,424069643,995599041929, shpslordi@mail.ru ,  ,  , იმპორტი , ოლეგი ძოწენიძე , შ.პ.ს , ლორდი ,  , https://www.08.ge/organizations/view/12336776
8,პე ეს პე - აფთიაქი N88  | 08.GE , თბილისი / (ვაკე) აბაშიძე ირაკლის ქ. -41 ,202203123,995511170088, info@psp.ge , www.psp.ge , www.facebook.com/psp.ge , აფთიაქი , არ მოიძებნა , შ.პ.ს , პე ეს პე - აფთიაქი N88 ,995322402020, https://www.08.ge/organizations/view/12336761
9,ქი ფროჯექთსი  | 08.GE , თბილისი / (დიდუბე) დავით აღმაშენებელის გამზ. -164 ,400113248,995599513069, temuri.ponia@gmail.com ,  ,  ," ვებ-გვერდების დამზადება, კომპიუტერული მომსახურება ", თემურ ფონია , შ.პ.ს , ქი ფროჯექთსი ,  , https://www.08.ge/organizations/view/12336759
10,რითეილ თრეიდ ჯორჯია  | 08.GE , თბილისი / (ჩუღურეთი) ვაგზლის (სადგურის) მოედანი ,405126279, დროებით მიუწვდომელია , georgia_office@fix-geo.com ,  , www.facebook.com/georgia.fixprice ," კვების პროდუქტები, სამეურნეო და საყოფაცხოვრებო ნივთები ", ევგენი ვასილევი , შ.პ.ს , რითეილ თრეიდ ჯორჯია ,  , https://www.08.ge/organizations/view/12336753
11,მოდერნ 2016  | 08.GE , რუსთავი /  16 მ/რ -მიმდებარე ტერიტორია ,405133804, დროებით მიუწვდომელია ,  ,  ,  , მარკეტი , მერაბ ვასაძე , შ.პ.ს , მოდერნ 2016 ,  , https://www.08.ge/organizations/view/12336750
12,აგროუნივერსალი  | 08.GE , გურჯაანი /  სანაპიროს ქ. ,427721478,995593575731, lshankulashvili@mail.ru ,  ,  ," სასუქის რეალიზაცია, შხამქიმიკატების მაღაზია ", ვაჟა შანყულაშვილი , შ.პ.ს , აგროუნივერსალი ,  , https://www.08.ge/organizations/view/12336749
13,ზიგი  | 08.GE , თბილისი / (ვაკე) ჭავჭავაძე ილიას გამზ. -49დ ,404491821, დროებით მიუწვდომელია , info@zigie.com , www.zigie.ge , www.facebook.com/LiebherrInGeorgia ," ელექტროტექნიკის იმპორტი, საყოფაცხოვრებო ტექნიკის მაღაზია ", ნინო კომახიძე , შ.პ.ს , ზიგი ,  , https://www.08.ge/organizations/view/12336746
14,აგროვეტი  | 08.GE , ბათუმი / (აეროპორტი) ხალვაში ფრიდონის გამზ. მე-2 ჩიხი ,445479358,995557422336, murmanidze1987@mail.ru ,  ,  ," მცენარეთა დაცვის საშუალებები, შხამქიმიკატების მაღაზია ", მაია ვაშაყმაძე , შ.პ.ს , აგროვეტი ,  , https://www.08.ge/organizations/view/12336748
15,პროფ სისტემი  | 08.GE , თბილისი / (სამგორი) ქიზიყის ქ. -19 ,404460837,995555945555, info@profsystem.ge , profsystem.ge ,  , სამშენებლო მასალების რეალიზაცია , გიორგი მურვანიძე , შ.პ.ს , პროფ სისტემი ,  , https://www.08.ge/organizations/view/12336741
16,ჯახანგირ ოსმანოვი  | 08.GE , ბოლნისი /  ნახიდური სოფელი ,10001013496,995551192394, josmanov@bk.ru ,  ,  ," მცენარეთა დაცვის საშუალებები, შხამქიმიკატების მაღაზია ", ჯახანგირ ოსმანოვი , ი.მ , ჯახანგირ ოსმანოვი ,  , https://www.08.ge/organizations/view/12336732
17,ნატალია ალადაშვილი  | 08.GE , ლაგოდეხი /  შრომა სოფელი ,25001027322,995593731626, nataliaaladashvili@mail.ru ,  ,  ," მცენარეთა დაცვის საშუალებები, შხამქიმიკატების მაღაზია ", ნატალია ალადაშვილი , ი.მ , ნატალია ალადაშვილი ,  , https://www.08.ge/organizations/view/12336740
18,ულევი ჯგუფი  | 08.GE , თბილისი / (დიდუბე) წინამძღვრიშვილი მიხეილის ქ. -135 ,438728664,995579739393, datunagdn@hotmail.com ,  ,  ," ბაზრობა, მართვა, მენეჯმენტი ", სერგო რუხაძე , შ.პ.ს , ულევი ჯგუფი ,  , https://www.08.ge/organizations/view/12336731
19,აგრო ვაზი  | 08.GE , გურჯაანი /  ვაზისუბანი სოფელი ,427720932,995599239378, mziashvili@gmail.com ,  ,  ," სასუქის რეალიზაცია, შხამქიმიკატების მაღაზია ", არჩილ სოლომნიშვილი , შ.პ.ს , აგრო ვაზი ,  , https://www.08.ge/organizations/view/12336727
20,ბახლულ გუმბათოვი  | 08.GE , მარნეული /  კაჩაგანი სოფელი ,28001007945,995555625467, baxlul.gumbatov@mail.ru ,  ,  ," მცენარეთა დაცვის საშუალებები, შხამქიმიკატების მაღაზია ", ბახლულ გუმბათოვი , ი.მ , ბახლულ გუმბათოვი ,  , https://www.08.ge/organizations/view/12336723
21,გეოსერვისი  | 08.GE , ქუთაისი /  თამარ მეფის ქ. -92 ,412687953,995599776529, geoservisi2012@gmail.com ,  ,  , ბურღვითი სამუშაოები , მანუჩარ ლაბაძე , შ.პ.ს , გეოსერვისი ,  , https://www.08.ge/organizations/view/12336721
22,| 08.GE , ახმეტა /  ყაზბეგი ალექსანდრეს ქ. -62 ,8001007342, დროებით მიუწვდომელია ,  ,  ,  ," მცენარეთა დაცვის საშუალებები, შხამქიმიკატების მაღაზია ", ანდრია ძარღუაშვილი , ი.მ , ანდრია ძარღუაშვილი ,  , https://www.08.ge/organizations/view/12336709
23,ქუთაისის ოჯახში ძალადობის მსხვერპლთა მომსახურების დაწესებულება (თავშესაფარი)  | 08.GE , ქუთაისი /  უცნობი მისამართი ,205169592,116006,  ,  ,  , ძალადობის მსხვერპლთა თავშესაფარი , არ მოიძებნა , ს.ს.ი.პ , ქუთაისის ოჯახში ძალადობის მსხვერპლთა მომსახურების დაწესებულება (თავშესაფარი) ,  , https://www.08.ge/organizations/view/12336452
24,იბერიფარმა პლუსი  | 08.GE , თბილისი / (ჩუღურეთი) თამარ მეფის გამზ. -29 ,405119893,995322120000, info@iberiplus.ge , https://iberipharma.ge/ , www.facebook.com/IBERIPHARMA , აფთიაქი , მთვარისა ჭეიშვილი , შ.პ.ს , იბერიფარმა პლუსი ,  , https://www.08.ge/organizations/view/12336451
25,დნმ პოლისი  | 08.GE , თბილისი / (საბურთალო) დიდი დიღმის დას. მეფე მირიანის ქ. -11ა ,405109190,995598624747, office@dnapolicy.ge ,\, www.facebook.com/DNApolicyGeorgia , ლაბორატორია , მარიეტა კერესელიძე , შ.პ.ს , დნმ პოლისი ,  , https://www.08.ge/organizations/view/12336450
26,ინექს გრუპი  | 08.GE , თბილისი / (სამგორი) საქართველოს ერთიანობისათვის მებრძოლთა ქ. -41 ,400010572,995322492626, info@inexgroup.ge , www.inex.ge , www.facebook.com/InexGroup ," საამანათო მომსახურება, საკურიერო მომსახურება ", გიორგი კაპანაძე , შ.პ.ს , ინექს გრუპი ,995322492625, https://www.08.ge/organizations/view/12336439
27,თრეველ სტუდიო  | 08.GE , თბილისი / (კრწანისი) კოტე აფხაზის ქ. -36 ,405147078,995322054949, info@travelstudio.ge ,ვე, www.facebook.com/travelstudiogeorgia , ტურისტული მომსახურება , ლევან ლორია , შ.პ.ს , თრეველ სტუდიო ,  , https://www.08.ge/organizations/view/12336432
28,ი სპეისი (ადმინისტრაციული ოფისი)  | 08.GE , თბილისი / (საბურთალო) ზალდასტანიშვილი თეიმურაზის და ზურაბის ქ. -16 ,405147087,995322433473, nfo@e-space.ge , www.e-space.ge , www.facebook.com/ltd.espace , ელექტრომობილების დამუხტვა , ავთანდილ შავიშვილი , შ.პ.ს , ი სპეისი (ადმინისტრაციული ოფისი) ,  , https://www.08.ge/organizations/view/12336429
29,სპარტა გრუპი  | 08.GE , თბილისი / (სამგორი) ჯავახეთის ქ. -64 ,402020362,995577577780, spar+agroup@hotmail.com ,  ,  , ჰიგიენური პროდუქციის მაღაზია , მუსტაფა დაი , შ.პ.ს , სპარტა გრუპი ,  , https://www.08.ge/organizations/view/12336428
30,იმპორტ ლაინი  | 08.GE , თბილისი / (დიდუბე) აგლაძე რაფიელის ქ. ელიავას ბაზრობის მიმდებარე ტერიტორია ,400133672,995599169383, import1line@gmail.com ,  ,  , სამშენებლო მასალების რეალიზაცია , გიორგი სრესელი , შ.პ.ს , იმპორტ ლაინი ,  , https://www.08.ge/organizations/view/12336424
31,ვესტა  | 08.GE , თბილისი / (ისანი) ბოჭორმის ქ. -8 ,406143926,995322474740, sales@vestashop.ge , https://vestashop.ge ,  , საკანცელარიო მაღაზია , ივანე ადამაშვილი , შ.პ.ს , ვესტა ,995577417867, https://www.08.ge/organizations/view/12336422
32,პალისანდრი  | 08.GE , თბილისი / (გლდანი) ახმეტელის თეატრის მეტროს მიმდებარე ტერიტორია ,400166155,995557090984, palisandriltd@yahoo.com ,  ,  ," ავეჯის მაღაზია, ავეჯის საწარმო ", ეკატერინე დავითაშვილი , შ.პ.ს , პალისანდრი ,  , https://www.08.ge/organizations/view/12336421
33,დავით ჯანგულაშვილი  | 08.GE , თბილისი / (ჩუღურეთი) ნინოშვილი ეგნატეს ქ. -55 ,1010008911, დროებით მიუწვდომელია ,  ,  ,  , ფართის იჯარა , დავით ჯანგულაშვილი , ი.მ , დავით ჯანგულაშვილი ,  , https://www.08.ge/organizations/view/12336419
34,ტუროპერატორ ჯი  | 08.GE , თბილისი / (საბურთალო) ჩიქოვანი სიმონის ქ. -4 ,440888666, დროებით მიუწვდომელია , Touroperatorge@gmail.com ,  ,  , ტურისტული მომსახურება , შალვა ბოლოთაშვილი , შ.პ.ს , ტუროპერატორ ჯი ,  , https://www.08.ge/organizations/view/12336411
35,ტექნო მოტორსი  | 08.GE , გორი /  ცხინვალის გზატ. -8 ,417885863,995551009987,  ,  ,  ," საავტომობილო ზეთების იმპორტი, საბურავების მაღაზია, სამშენებლო მასალების რეალიზაცია ", ლადო ზანთარაია , შ.პ.ს , ტექნო მოტორსი ,  , https://www.08.ge/organizations/view/12336410
36,| 08.GE , წალკა /  განთიადი სოფელი ,61009009477,995595917405, Badri.bolqvadze@yahoo.com ,  ,  ," სამშენებლო მასალების რეალიზაცია, სანტექნიკის მაღაზია ", ბადრი ბოლქვაძე , ი.მ , ბადრი ბოლქვაძე ,  , https://www.08.ge/organizations/view/12336407
37,კოპერ კაბლო  | 08.GE , თბილისი / (სამგორი) მუხაძე გრიგოლის ქ. -5 ,445478929,995555493493,  ,  , www.facebook.com/profile.php?id=100063574303747 , ელექტროტექნიკა , ირაკლი ჯაყელიძე , შ.პ.ს , კოპერ კაბლო ,  , https://www.08.ge/organizations/view/12336406
38,ლონდონ პარიზი  | 08.GE , თბილისი / (ისანი) ქეთევან წამებულის გამზ. -61 ,1011038883,995551950010,  ,  ,  , სილამაზის სალონი , ვიტალი მინასიანი , ი.მ , ლონდონ პარიზი ,995551151543, https://www.08.ge/organizations/view/12336405
39,ხიხანი  | 08.GE , წალკა /  კოსტავა მერაბის ქ. -86 ,443120230, დროებით მიუწვდომელია , roiniabuladze@mail.ru ,  , www.facebook.com/kafexixaniwalk , რესტორანი , როინ აბულაძე , შ.პ.ს , ხიხანი ,  , https://www.08.ge/organizations/view/12336399
40,სტომატოლოგიური კლინიკა  | 08.GE , თბილისი / (ისანი) ქეთევან წამებულის გამზ. -67ა მე-2 სართული ,1011027715,995599266976,  ,  ,  , სტომატოლოგია , ელენე ბაზერაშვილი , ი.მ , სტომატოლოგიური კლინიკა ,  , https://www.08.ge/organizations/view/12336397
41,ჟანრი ლოლაშვილის საგამოფენო დარბაზი  | 08.GE , თბილისი / (ვაკე) ატენის ქ. -14 ,1008011435,995579303016, salome.gogitidze@gmail.com ,  ,  , საგამოფენო ცენტრი , ჟანრი ლოლაშვილი , ი.მ , ჟანრი ლოლაშვილის საგამოფენო დარბაზი ,995599141221, https://www.08.ge/organizations/view/12336396
42,ორი ნაბიჯი (ჩემი უბნის მაღაზია)  | 08.GE , თბილისი / (ისანი) ქეთევან წამებულის გამზ. -67 ,204571668,995322002200, info@orinabiji.ge , 2nabiji.ge , www.facebook.com/2nabijiofficial , მარკეტი , არ მოიძებნა , შ.პ.ს , ორი ნაბიჯი (ჩემი უბნის მაღაზია) ,  , https://www.08.ge/organizations/view/12336393
43,ლიბერთი ბანკი ქუთაისის აეროპორტის N1 სერვისცენტრი  | 08.GE , სამტრედია /  დიდი ჯიხაიში სოფელი ,203828304, *5500 , info@libertybank.ge , www.libertybank.ge , www.facebook.com/libertybank.ge ," ბანკი, ვალუტის გადაცვლა, სესხის გაცემა, ფულადი გზავნილები ", არ მოიძებნა , ს.ს , ლიბერთი ბანკი ქუთაისის აეროპორტის N1 სერვისცენტრი ,995322555500, https://www.08.ge/organizations/view/12336390
44,ლორდი  | 08.GE , თბილისი / (ისანი) ქეთევან წამებულის გამზ. -71 ,406230886,995598888288, beka_chikobava@yahoo.com ,  ,  , სასტუმრო , ბექა ჩიქობავა , შ.პ.ს , ლორდი ,  , https://www.08.ge/organizations/view/12336384
45,აგრო ვეტი  | 08.GE , ბოლნისი /  ქვემო ბოლნისი სოფელი ,425358114,995593328131, imranzargarov@yahoo.com ,  ,  ," ვეტერინალური აფთიაქი, მცენარეთა დაცვის საშუალებები, შხამქიმიკატების მაღაზია ", იმრან ზარგაროვი , შ.პ.ს , აგრო ვეტი ,995593684012, https://www.08.ge/organizations/view/12336383
46,აგილ მამედოვი  | 08.GE , მარნეული /  დამია-გიურარხი  სოფელი ,28001103727,995555208086, ag-mamedovi@mail.ru ,  ,  ," მცენარეთა დაცვის საშუალებები, შხამქიმიკატების მაღაზია ", აგილ მამედოვი , ი.მ , აგილ მამედოვი ,  , https://www.08.ge/organizations/view/12336380
47,მისო ქართული კრედიტი  | 08.GE , თელავი /  ჭავჭავაძე ილიას გამზ. -52 ,206238800,995322500100, info@geocredit.ge , www.geocredit.ge , www.facebook.com/GeorgianCredit ," ვალუტის გადაცვლა, სადაზღვევო მომსახურება, სესხის გაცემა ", არ მოიძებნა , ს.ს , მისო ქართული კრედიტი ,  , https://www.08.ge/organizations/view/12336379
48,სოფელ მზისგულის საბავშვო ბაღი  | 08.GE , საგარეჯო /  მზისგული სოფელი ,438109477, დროებით მიუწვდომელია ,  ,  ,  , საბავშვო ბაღი , მანანა ფილაური , ა.ა.ი.პ , სოფელ მზისგულის საბავშვო ბაღი ,  , https://www.08.ge/organizations/view/12336376
49,ვისოლ პეტროლიუმ ჯორჯია  | 08.GE , ქობულეთი /  რუსთაველი შოთას ქ. -26 ,202161098, *1000 , office@wissol.ge , www.wissol.ge , www.facebook.com/WissolPetroleumGeorgia , ბენზინგასამართი სადგური , ვასილი ხორავა , ს.ს , ვისოლ პეტროლიუმ ჯორჯია ,  , https://www.08.ge/organizations/view/12336371
50,ავტო სერვის გრუპი  | 08.GE , თბილისი / (ისანი) აწყურის ქ. -2 ,406129283,995599387898, Zurabisakadze@yahoo.com ,  ,  , ავტოტექმომსახურება , ზურაბ ისაკაძე , შ.პ.ს , ავტო სერვის გრუპი ,  , https://www.08.ge/organizations/view/12336369
51,ლრგ კომპანია  | 08.GE , თბილისი / (ჩუღურეთი) დადიანი ცოტნეს ქ. -34 კ.7 ,400023755,995599212301, lmakhatadze@yahoo.com ,  ,  ," სამშენებლო მომსახურება, სარემონტო მომსახურება ", ლევანი მახათაძე , შ.პ.ს , ლრგ კომპანია ,  , https://www.08.ge/organizations/view/12336370
52,ლუქსქარავანი  | 08.GE , ბათუმი /  მაიაკოვსკი ვლადიმერის ქ. -1 ,448050000, დროებით მიუწვდომელია ,  ,  ,  , სალარო , უშანგი აბულაძე , შ.პ.ს , ლუქსქარავანი ,  , https://www.08.ge/organizations/view/12336365
53,გ გრუპი  | 08.GE , თბილისი / (ნაძალადევი) ქსნის ქ. -35 ,400143974,995568007722, og-group@mail.ru ,  ,  , მაკულატურის მიღება , გრანტიკ ოვანესიანი , შ.პ.ს , გ გრუპი ,  , https://www.08.ge/organizations/view/12336362
54,ირაო ინვესტ ჯგუფი  | 08.GE , თბილისი / (საბურთალო) ვაჟა ფშაველას გამზ. -3 ,204515293,995597112499,  ,  ,  , საინვესტიციო მომსახურება , გოგა სამუშია , შ.პ.ს , ირაო ინვესტ ჯგუფი ,  , https://www.08.ge/organizations/view/12336363
55,ელიტ ენ ტი ვი  | 08.GE , გორი /  ცხინვალის გზატ. -8 ,218081901,995599171722,  ,  ,  , ფართის იჯარა , დავით ჯოხაძე , შ.პ.ს , ელიტ ენ ტი ვი ,  , https://www.08.ge/organizations/view/12336361
56,ელსედე  | 08.GE , ქუთაისი /  ტაბიძე გალაკტიონის ქ. -10 ,412712676,995579984747, robakidzejoni@yahoo.com ,  ,  ," საბურავების მაღაზია, ტექნიკის ლომბარდი ", მაია რობაქიძე , შ.პ.ს , ელსედე ,  , https://www.08.ge/organizations/view/12336356
57,ეივონ კოსმეტიქს საქართველო  | 08.GE , თბილისი / (ისანი) ქეთევან წამებულის გამზ. -20 ,36001002468, დროებით მიუწვდომელია , repservice.ge@avon.com , www.avon.ge , www.facebook.com/AvonGeorgia , კოსმეტიკური პროდუქციის დისტრიბუცია , თამარ ოქროცვარიძე , ი.მ , ეივონ კოსმეტიქს საქართველო ,  , https://www.08.ge/organizations/view/12336342
58,მე ვა  | 08.GE , ოზურგეთი /  თაყაიშვილი ექვთიმეს ქ. -27 ,437066103, დროებით მიუწვდომელია ,  ,  ,  ," ავეჯის მაღაზია, სამშენებლო მასალების რეალიზაცია ", ამირან გოგუაძე , შ.პ.ს , მე ვა ,  , https://www.08.ge/organizations/view/12336339
59,ორი ნაბიჯი (ჩემი უბნის მაღაზია)  | 08.GE , თბილისი / (ისანი) ქეთევან წამებულის გამზ. -91 ,204571668,995322002200, info@orinabiji.ge , 2nabiji.ge , www.facebook.com/2nabijiofficial , მარკეტი , არ მოიძებნა , შ.პ.ს , ორი ნაბიჯი (ჩემი უბნის მაღაზია) ,  , https://www.08.ge/organizations/view/12336338
60,ალდა მოტორსი,,,,,,,,,,,,
61,| 08.GE , თბილისი / (დიდუბე) წერეთელი აკაკის გამზ. -59 ,436038976,995595505598, alexgabina@yahoo.com ,  ,  ," აკუმულიატორების მაღაზია, ზეთები და საპოხი მასალები, საავტომობილო ზეთების იმპორტი, სათადარიგო ნაწილების მაღაზია ", ბადრი გაბინაშვილი , შ.პ.ს , ალდა მოტორსი ,995558331086, https://www.08.ge/organizations/view/12336336
62,პრემიუმ ვებ სოლუშენსი  | 08.GE , თბილისი / (არ გააჩნია) უცნობი მისამართი ,404503042, დროებით მიუწვდომელია , info@amindi.ge , www.amindi.ge , www.facebook.com/Taripebi.ge , ინტერნეტპორტალი , თამარ კერესელიძე , შ.პ.ს , პრემიუმ ვებ სოლუშენსი ,  , https://www.08.ge/organizations/view/12336331
63,დაინჰოლი  | 08.GE , თბილისი / (მთაწმინდა) რუსთაველი შოთას გამზ. -28 ,404512498, დროებით მიუწვდომელია , dinehalltbilisi@emsa.ge ,  , www.facebook.com/dinehall.ge , რესტორანი , ომერ ქირაჩ , შ.პ.ს , დაინჰოლი ,  , https://www.08.ge/organizations/view/12336330
64,ბორნ სოფქიმია  | 08.GE , თელავი /  - - ,206337784,995598004561, info@bornagro.ge , www.bornagro.ge , www.facebook.com/BORNAGRO ," სასუქის რეალიზაცია, შხამქიმიკატების მაღაზია ", გია კორძაძე; თინათინ საფრიძე , შ.პ.ს , ბორნ სოფქიმია ,  , https://www.08.ge/organizations/view/12336324
65,ბორნ სოფქიმია  | 08.GE , თბილისი / (დიდუბე) წერეთელი აკაკის გამზ. -142 ,206337784,995598004561, info@bornagro.ge , www.bornagro.ge ,  ," სასუქის რეალიზაცია, შხამქიმიკატების მაღაზია ", გია კორძაძე; თინათინ საფრიძე , შ.პ.ს , ბორნ სოფქიმია ,  , https://www.08.ge/organizations/view/12336326
66,ბორნ სოფქიმია  | 08.GE , ლაგოდეხი /  ჭაბუკიანი სოფელი ,206337784,995598004561, info@bornagro.ge , www.bornagro.ge , www.facebook.com/BORNAGRO ," სასუქის რეალიზაცია, შხამქიმიკატების მაღაზია ", გია კორძაძე; თინათინ საფრიძე , შ.პ.ს , ბორნ სოფქიმია ,  , https://www.08.ge/organizations/view/12336321
67,ბორნ სოფქიმია  | 08.GE , გურჯაანი /  ვაჩნაძიანი სოფელი ,206337784,995598004561, info@bornagro.ge , www.bornagro.ge , www.facebook.com/BORNAGRO ," სასუქის რეალიზაცია, შხამქიმიკატების მაღაზია ", გია კორძაძე; თინათინ საფრიძე , შ.პ.ს , ბორნ სოფქიმია ,  , https://www.08.ge/organizations/view/12336320
68,ბორნ სოფქიმია  | 08.GE , ყვარელი /  ჰერეთის მოედანი -7 ,206337784,995598004561, info@bornagro.ge , www.bornagro.ge , www.facebook.com/BORNAGRO ," სასუქის რეალიზაცია, შხამქიმიკატების მაღაზია ", გია კორძაძე; თინათინ საფრიძე , შ.პ.ს , ბორნ სოფქიმია ,  , https://www.08.ge/organizations/view/12336319
69,ბორნ სოფქიმია  | 08.GE , სიღნაღი /  წნორი ქალაქი დავით აღმაშენებელის ქ. -38 ,206337784,995598004561, info@bornagro.ge , www.bornagro.ge , www.facebook.com/BORNAGRO ," სასუქის რეალიზაცია, შხამქიმიკატების მაღაზია ", გია კორძაძე; თინათინ საფრიძე , შ.პ.ს , ბორნ სოფქიმია ,  , https://www.08.ge/organizations/view/12336318
70,ნოტარიუსი ბელა მაკალათია  | 08.GE , აბაშა /  თავისუფლების ქ. -93 ბ.1 ,2001009729, დროებით მიუწვდომელია , bmakalatia@notary.ge ,  ,  , ნოტარიუსი , ბელა მაკალათია , ფიზ. პირ. , ნოტარიუსი ბელა მაკალათია ,  , https://www.08.ge/organizations/view/12336317
71,ბორნ სოფქიმია  | 08.GE , სიღნაღი /  წნორი ქალაქი დავით აღმაშენებელის ქ. -44 ,206337784,995598004561, info@bornagro.ge , www.bornagro.ge , www.facebook.com/BORNAGRO ," სასუქის რეალიზაცია, შხამქიმიკატების მაღაზია ", გია კორძაძე; თინათინ საფრიძე , შ.პ.ს , ბორნ სოფქიმია ,  , https://www.08.ge/organizations/view/12336316
72,ამირანი  | 08.GE , თბილისი / (ისანი) კახეთის გზატ. -112 ,406053746,995599155994, amiraliev@hotmail.com ,  ,  ," საწყობი, ხალიჩების მაღაზია ", ამირ ალიევი , შ.პ.ს , ამირანი ,  , https://www.08.ge/organizations/view/12336311
73,ბორნ სოფქიმია  | 08.GE , ხაშური /  ბორჯომის ქ. -5 ,206337784,995598004561, info@bornagro.ge , www.bornagro.ge , www.facebook.com/BORNAGRO ," სასუქის რეალიზაცია, შხამქიმიკატების მაღაზია ", გია კორძაძე; თინათინ საფრიძე , შ.პ.ს , ბორნ სოფქიმია ,  , https://www.08.ge/organizations/view/12336315
74,ნექსტ პლუსი  | 08.GE , ახალციხე /  თამარაშვილი მიხეილის ქ. -მიმდებარე ტერიტორია ,404885601,995597919091, agrogoga@gmail.com ,  ,  ," სასუქის რეალიზაცია, შხამქიმიკატების მაღაზია ", გიორგი თუმანიშვილი , შ.პ.ს , ნექსტ პლუსი ,  , https://www.08.ge/organizations/view/12336309
75,ნექსტ პლუსი  | 08.GE , დუშეთი /  სტალინის ქ. -96 ,404885601,995597919091, agrogoga@gmail.com ,  ,  ," სასუქის რეალიზაცია, შხამქიმიკატების მაღაზია ", გიორგი თუმანიშვილი , შ.პ.ს , ნექსტ პლუსი ,  , https://www.08.ge/organizations/view/12336307
76,ნაის ტური  | 08.GE , თბილისი / (საბურთალო) კოსტავა მერაბის ქ. -77 ,406146077,995551542249, info@nicetours.ge , www.nicetours.ge , www.facebook.com/nicetours.ge ," სპორტული ინვენტარის გაქირავება, ტურისტული მომსახურება ", შმაგი სარალიძე; ნიკა ჩომახაშვილი , შ.პ.ს , ნაის ტური ,995593761651, https://www.08.ge/organizations/view/12336306
77,ვალერიკ მარაბიან  | 08.GE , ახალქალაქი /  თავისუფლების ქ. -1ე ,7001008005,995599583495, valbiliska@yahoo.com ,  ,  , საავტომობილო გადაზიდვები , ვალერიკ მარაბიანი , ი.მ , ვალერიკ მარაბიან ,  , https://www.08.ge/organizations/view/12336305
78,მწვანე სამყარო  | 08.GE , რუსთავი /  16 მ/რ ,35001023194,995593233855, nelli.gumberidze@mail.ru ,  ,  ," მცენარეთა დაცვის საშუალებები, შხამქიმიკატების მაღაზია ", ნელი გუმბერიძე , ი.მ , მწვანე სამყარო ,  , https://www.08.ge/organizations/view/12336304
79,სოფელ ბერბუკის დევნილთა ჩასახლების სკოლამდელი აღზრდის საჯარო დაწესებულება  | 08.GE , გორი /  ბერბუკი სოფელი ,418471022, დროებით მიუწვდომელია , saagmzrdelogaertianeba@gmail.com ,  ,  , საბავშვო ბაღი , ლელა შერვაშიძე , ა.ა.ი.პ , სოფელ ბერბუკის დევნილთა ჩასახლების სკოლამდელი აღზრდის საჯარო დაწესებულება ,  , https://www.08.ge/organizations/view/12336302
80,სოფელ ქვეშის სკოლამდელი აღზრდის საჯარო დაწესებულება  | 08.GE , გორი /  ქვეში სოფელი ,418471022, დროებით მიუწვდომელია ,  ,  ,  , საბავშვო ბაღი , მაია უკანწყაროელი , ა.ა.ი.პ , სოფელ ქვეშის სკოლამდელი აღზრდის საჯარო დაწესებულება ,  , https://www.08.ge/organizations/view/12336301
81,მორეპოვერი  | 08.GE , თბილისი / (დიდუბე) ბაგრატიონი ვახუშტის სახელობის ხიდის მიმდებარე ტერიტორია ,405131094,995597145082, bagiri83@mail.ru ,  ,  , სამეურნეო და საყოფაცხოვრებო ნივთები , მამუკა ჩხეიძე , შ.პ.ს , მორეპოვერი ,  , https://www.08.ge/organizations/view/12336263
82,სოფელ ქიწნისის მეურნეობის სკოლამდელი აღზრდის საჯარო დაწესებულება  | 08.GE , გორი /  ქიწნისი სოფელი ,418471022, დროებით მიუწვდომელია , saagmzrdelogaertianeba@gmail.com ,  ,  , საბავშვო ბაღი , თამარ ზურიკაშვილი , ა.ა.ი.პ , სოფელ ქიწნისის მეურნეობის სკოლამდელი აღზრდის საჯარო დაწესებულება ,  , https://www.08.ge/organizations/view/12336300
83,არტ ბონუს პლუსი  | 08.GE , თბილისი / (ვაკე) ქუთათელაძე კალისტრატეს ქ. -6 ,405146550,995599196376, D.artbonus@yahoo.com ,  ,  ," არქიტექტურა, დიზაინერის მომსახურება, პროექტირება ", დავით ტყემალაძე , შ.პ.ს , არტ ბონუს პლუსი ,  , https://www.08.ge/organizations/view/12336261
84,ზოზანა გასოიანი  | 08.GE , თბილისი / (ისანი) ვაზისუბნის დას. 2 მ/რ - კ.10 ბ.57 ,1012001702,995599573611,  ,  ,  , ფართის იჯარა , ზოზანა გასოიანი , ი.მ , ზოზანა გასოიანი ,  , https://www.08.ge/organizations/view/12336259
85,მევლუდ მელაძის მართვის აკადემია  | 08.GE , თბილისი / (ვაკე) უნივერსიტეტის ქ. -6 ,402031911,995574001300, meladzemevlud@gmail.com ,  ,  , ავტოსკოლა , მევლუდ მელაძე , შ.პ.ს , მევლუდ მელაძის მართვის აკადემია ,  , https://www.08.ge/organizations/view/12336258
86,სოფტ რეიტინგ კონსალტ საქართველო  | 08.GE , თბილისი / (ვაკე) წყნეთი დაბა ცხრა აპრილის ქ. -6 ,454407954,995597773883, tazob1@rambler.ru ,  ,  , საკონსულტაციო მომსახურება , ნიკოლოზ აფაქიძე , შ.პ.ს , სოფტ რეიტინგ კონსალტ საქართველო ,  , https://www.08.ge/organizations/view/12336257
87,სადღეგრძელო  | 08.GE , მარნეული /  წერეთელი სოფელი ,28001043443,995599495901,  ,  ,  , რესტორანი , ვლადიმერ ქიმაძე , ი.მ , სადღეგრძელო ,  , https://www.08.ge/organizations/view/12336250
88,პოლო  | 08.GE , თბილისი / (სამგორი) ჯავახეთის ქ. -337მიმდებარე ტერიტორია ,426528947,995555418070, pololtd@mail.ru ,  , www.facebook.com/profile.php?id=100067673652923 , სასტუმრო , კობა შერმაზანაშვილი , შ.პ.ს , პოლო ,  , https://www.08.ge/organizations/view/12336244
89,ლორდსი  | 08.GE , თბილისი / (ისანი) ქეთევან წამებულის გამზ. -71 ,406122869,995599614747, beka_chikobava@yahoo.com ,  ,  , ფართის იჯარა , ბექა ჩიქობავა , შ.პ.ს , ლორდსი ,  , https://www.08.ge/organizations/view/12336243
90,სოფელ ნიქოზის  სკოლამდელი აღზრდის საჯარო დაწესებულება  | 08.GE , გორი /  ქვემო ნიქოზი სოფელი ,418471022, დროებით მიუწვდომელია , saagmzrdelogaertianeba@gmail.com ,  ,  , საბავშვო ბაღი , ლაურა კაპანაძე , ა.ა.ი.პ , სოფელ ნიქოზის  სკოლამდელი აღზრდის საჯარო დაწესებულება ,  , https://www.08.ge/organizations/view/12336236
91,ქიმიოთერაპიის და იმუნოთერაპიის კლინიკა  | 08.GE , ქუთაისი /  ცხრა აპრილის ქ. -8 ,412704596,995431272288, saroveliclinic@gmail.com , www.saroveliclinic.com , www.facebook.com/mardimedicalcentre , სამედიცინო დიაგნოსტიკური ცენტრი , ალექსანდრე ბაძგარაძე , შ.პ.ს , ქიმიოთერაპიის და იმუნოთერაპიის კლინიკა ,995599202074, https://www.08.ge/organizations/view/12336233
92,სოფელ უფლისციხის  სკოლამდელი აღზრდის საჯარო დაწესებულება  | 08.GE , გორი /  უფლისციხე სოფელი ,418471022, დროებით მიუწვდომელია , saagmzrdelogaertianeba@gmail.com ,  ,  , საბავშვო ბაღი , ჟუჟუნა ტერუნაშვილი , ა.ა.ი.პ , სოფელ უფლისციხის  სკოლამდელი აღზრდის საჯარო დაწესებულება ,  , https://www.08.ge/organizations/view/12336234
93,საროველი  | 08.GE , ქუთაისი /  ცხრა აპრილის ქ. -8 ,412704596, დროებით მიუწვდომელია , saroveliclinic@gmail.com , www.saroveliclinic.com , www.facebook.com/mardimedicalcentre , სამედიცინო დიაგნოსტიკური ცენტრი , ალექსანდრე ბაძგარაძე , შ.პ.ს , საროველი ,  , https://www.08.ge/organizations/view/12336232
94,სასუფეველი  | 08.GE , თბილისი / (გლდანი) ახმეტელის თეატრის მეტროს მიმდებარე ტერიტორია ,1001025738,995598710565,  ,  ,  , სარიტუალო მომსახურება , გიორგი ჩიტალაძე , შ.პ.ს , სასუფეველი ,  , https://www.08.ge/organizations/view/12336231
95,ქვევრი  | 08.GE , თბილისი / (მთაწმინდა) ამაღლების ქ. -6 ,404501357, დროებით მიუწვდომელია , gtsakadze@outlook.com ,  ,  , თიხის ნაწარმი , ჯონდო წაქაძე; გიორგი წაქაძე , შ.პ.ს , ქვევრი ,  , https://www.08.ge/organizations/view/12336227
96,გლობალ ლოჯისტიკს გრუპი  | 08.GE , თბილისი / (საბურთალო) ყაზბეგი ალექსანდრეს გამზ. -17 ,400004534,995322194447, zuragig@yahoo.com , www.globallogistics.ge ,  ," საავტომობილო გადაზიდვები, საზღვაო გადაზიდვები, სარკინიგზო გადაზიდვები, საჰაერო გადაზიდვები ", ზურაბ გიგაური , შ.პ.ს , გლობალ ლოჯისტიკს გრუპი ,995599646410, https://www.08.ge/organizations/view/12336228
97,ლაგი კაპიტალი  | 08.GE , თბილისი / (სამგორი) მოსკოვის გამზ. -14 ,402022459,995551227788, maikonatenadze1@gmail.com , www.lagi-group.ge , www.facebook.com/lagigroup , სამშენებლო მომსახურება , დავით კვირიკაძე , შ.პ.ს , ლაგი კაპიტალი ,  , https://www.08.ge/organizations/view/12336225
98,აგროჯორჯია,,,,,,,,,,,,
99,| 08.GE , მარნეული /  ჯანდარა სოფელი ,434165663,995591168878, turan.aze@gmail.com ,  ,  ," სათადარიგო ნაწილების იმპორტი, სათადარიგო ნაწილების მაღაზია ", ტურან გულიევი , შ.პ.ს , აგროჯორჯია ,  , https://www.08.ge/organizations/view/12336223
100,აგრო ჯორჯია 2016  | 08.GE , ქობულეთი /  თავისუფლების ქ. -23 ,446964777, დროებით მიუწვდომელია , tornikebejanidze@gmail.com ,  ,  , შხამქიმიკატების მაღაზია , თორნიკე ბეჟანიძე , შ.პ.ს , აგრო ჯორჯია 2016 ,  , https://www.08.ge/organizations/view/12336222
